{
  "R_nu": 0.4089027135139,
  "alpha": 1.0,
  "beta": 1.0,
  "boundary": "The full bridge-ready initial state is frozen. A minimal early-time N-integrator may now be built, but recombination and lmax convergence remain unsupplied.",
  "bridge_ready_initial_state": true,
  "common_curvature_initial_mode_gate": true,
  "coupled_lmax_convergence_certified": false,
  "created_at_utc": "2026-07-23T13:27:59.529366+00:00",
  "derivative_conversion": "d/dN = (1/conformal_H) d/deta",
  "effective_neutrino_species": 3.046,
  "free_streaming_interval_evolution": "dchi/dN = 1/conformal_H",
  "hierarchy_lmax": 8,
  "independent_variable_for_bridge": "N",
  "lambda_phi": 0.0,
  "parent_receipt": "artifacts/dfm_mkc/species_common_curvature_initial_mode_receipt_v1.json",
  "physical_mode_integration_run": false,
  "physical_recombination_history_closed": false,
  "probe_output_sha256": "c8c4933bbf779f2c96418bf39f0768a49ab4f2e80b8ec267e47941e1f27f5037",
  "rho_star": 0.0,
  "schema": "dfm_mkc.species_common_curvature_initial_mode_receipt.v2",
  "selected_background": {
    "H": 757408947940.0,
    "N_initial": -16.0,
    "Q_theta": 7.008981584338e-21,
    "conformal_H": 85235.14829035,
    "m_phi_squared": 4.872451369273,
    "phi": 1.492650555166,
    "phi_prime": 0.0,
    "radiation_fraction": 0.9999396881717,
    "rho_b": 1.037969545591e+20,
    "rho_gamma": 1.017219997891e+24,
    "rho_nu": 7.03681148413e+23,
    "scale_factor": 1.125351747193e-07,
    "theta_prime": 2.484059797396e-07
  },
  "selected_modes": [
    {
      "F_nu_l3_to_lmax": [
        1.627184141736e-18,
        9.434877785758e-23,
        4.475954664932e-27,
        1.796736589754e-31,
        6.250794745127e-36,
        1.918794223364e-40
      ],
      "Phi": 6.994340772014e-07,
      "Psi": 6.011182293235e-07,
      "R_star": -9.999999998193e-07,
      "delta_b": -9.01697863091e-07,
      "delta_gamma": -1.202263817455e-06,
      "delta_nu": -1.202263817455e-06,
      "dfm_state": [
        1.5076659859062717e-22,
        -2.5801981345226916e-18,
        8.759575859292346e-19,
        -7.466577837090241e-14
      ],
      "finite_prefix_closed": true,
      "free_streaming_interval_convention": "chi_initial = 1 / conformal_H_initial; radiation-era asymptotic conformal-age convention",
      "initial_free_streaming_interval": 1.173224919599e-05,
      "k_over_aH": 0.0005218456712664,
      "mode_index": 0,
      "normalized_rhs_closed": true,
      "physical_k_Mpc_inverse": 0.01,
      "series_tail_F_nu_lmax_plus_one": 5.270076102704e-45,
      "sigma_nu": 1.09134647619e-14,
      "state_finite": true,
      "theta_b": 6.97658106085e-09,
      "theta_gamma": 6.976580885263e-09,
      "theta_nu": 6.976580800824e-09,
      "wave_number_code": 44.47959317507,
      "wave_number_squared_code": 1978.4342090197338
    },
    {
      "F_nu_l3_to_lmax": [
        2.03398067962e-16,
        5.896800072775e-20,
        1.398736178319e-23,
        2.807401614998e-27,
        4.883434600977e-31,
        7.495291786566e-35
      ],
      "Phi": 6.994342512271e-07,
      "Psi": 6.011184418563e-07,
      "R_star": -9.999999999596e-07,
      "delta_b": -9.016996271329e-07,
      "delta_gamma": -1.20226616951e-06,
      "delta_nu": -1.20226616951e-06,
      "dfm_state": [
        -7.532523301219012e-23,
        3.932170946572823e-18,
        8.75957712288156e-19,
        -7.466616380986469e-14
      ],
      "finite_prefix_closed": true,
      "free_streaming_interval_convention": "chi_initial = 1 / conformal_H_initial; radiation-era asymptotic conformal-age convention",
      "initial_free_streaming_interval": 1.173224919599e-05,
      "k_over_aH": 0.002609228356332,
      "mode_index": 1,
      "normalized_rhs_closed": true,
      "physical_k_Mpc_inverse": 0.05,
      "series_tail_F_nu_lmax_plus_one": 1.029311993078e-38,
      "sigma_nu": 2.728365121861e-13,
      "state_finite": true,
      "theta_b": 1.74414551681e-07,
      "theta_gamma": 1.744144419389e-07,
      "theta_nu": 1.744143891643e-07,
      "wave_number_code": 222.3979658754,
      "wave_number_squared_code": 49460.85522551558
    },
    {
      "F_nu_l3_to_lmax": [
        1.627185805517e-15,
        9.434887432838e-19,
        4.475959241557e-22,
        1.796738426901e-25,
        6.250801136509e-29,
        1.918796185315e-32
      ],
      "Phi": 6.994347935954e-07,
      "Psi": 6.011191042156e-07,
      "R_star": -9.999999999869e-07,
      "delta_b": -9.017051429239e-07,
      "delta_gamma": -1.202273523898e-06,
      "delta_nu": -1.202273523898e-06,
      "dfm_state": [
        -5.572893305818201e-23,
        -6.982982654762884e-19,
        8.75958110224731e-19,
        -7.46673694381232e-14
      ],
      "finite_prefix_closed": true,
      "free_streaming_interval_convention": "chi_initial = 1 / conformal_H_initial; radiation-era asymptotic conformal-age convention",
      "initial_free_streaming_interval": 1.173224919599e-05,
      "k_over_aH": 0.005218456712664,
      "mode_index": 2,
      "normalized_rhs_closed": true,
      "physical_k_Mpc_inverse": 0.1,
      "series_tail_F_nu_lmax_plus_one": 5.27008149131e-36,
      "sigma_nu": 1.091344716795e-12,
      "state_finite": true,
      "theta_b": 6.976585236612e-07,
      "theta_gamma": 6.976567677865e-07,
      "theta_nu": 6.976559233933e-07,
      "wave_number_code": 444.7959317507,
      "wave_number_squared_code": 197843.42090197335
    },
    {
      "F_nu_l3_to_lmax": [
        1.301752682055e-14,
        1.509586671533e-17,
        1.432311399893e-20,
        1.149916159907e-23,
        8.001050271557e-27,
        4.91213347035e-30
      ],
      "Phi": 6.994369630296e-07,
      "Psi": 6.011217536308e-07,
      "R_star": -1.000000000002e-06,
      "delta_b": -9.017272060339e-07,
      "delta_gamma": -1.202302941379e-06,
      "delta_nu": -1.202302941379e-06,
      "dfm_state": [
        -1.384238670021626e-23,
        -8.794461084525684e-19,
        8.759597018416455e-19,
        -7.467219191985877e-14
      ],
      "finite_prefix_closed": true,
      "free_streaming_interval_convention": "chi_initial = 1 / conformal_H_initial; radiation-era asymptotic conformal-age convention",
      "initial_free_streaming_interval": 1.173224919599e-05,
      "k_over_aH": 0.01043691342533,
      "mode_index": 3,
      "normalized_rhs_closed": true,
      "physical_k_Mpc_inverse": 0.2,
      "series_tail_F_nu_lmax_plus_one": 2.698290092826e-33,
      "sigma_nu": 4.365357555233e-12,
      "state_finite": true,
      "theta_b": 2.79063916523e-06,
      "theta_gamma": 2.790611071149e-06,
      "theta_nu": 2.790597560815e-06,
      "wave_number_code": 889.5918635015,
      "wave_number_squared_code": 791373.6836080714
    }
  ],
  "source_probe": "tools/probes/probe_dfm_species_common_curvature_initial_modes_v2.py",
  "source_probe_sha256": "bc418f33a26b4ddba2f003508bfee00ff9e7fc9ed0abcabe124998af58e77e11",
  "target_R_star": -1e-06,
  "thomson_scattering_rate_placeholder": 0.0,
  "thomson_scattering_rate_supplied": false,
  "unit_map_inputs": {
    "H0_km_s_Mpc": 67.4,
    "omega_b0": 0.049309230511847414,
    "omega_cdm0": 0.264156592027754,
    "omega_r0": 9.2e-05
  }
}
