model,logL,AIC,BIC,H0_mean,Omega_m_mean,status
LCDM,-3.019753961021,10.039507922042,8.236732499378,70.000000000000,0.300000000000,example
wCDM,-3.019753961021,12.039507922042,9.335344788046,70.000000000000,0.300000000000,example
curved_LCDM,-3.895529961092,13.791059922185,11.086896788189,70.000000000000,0.300000000000,example
DFM_MKC,-3.019753961021,12.039507922042,9.335344788046,70.000000000000,0.300000000000,example
