param,value
omegabh2,0.0223828
omegach2,0.1201075
tau,0.05430842
ns,0.9660499
H0,67.32117
omegam,0.3158231
sigma8,0.8120059
S8,0.8331448
